Row Index,LinkedIn URL
83,http://www.linkedin.com/company/uptime-systems
91,http://www.linkedin.com/company/franklinjunction
88,http://www.linkedin.com/company/security-national-mortgage
116,http://www.linkedin.com/company/impax-asset-management
95,http://www.linkedin.com/school/courseralearning
99,http://www.linkedin.com/company/memryx-inc
121,http://www.linkedin.com/company/mastercontrol
175,http://www.linkedin.com/company/displaysweet
188,http://www.linkedin.com/company/proofid-ltd
230,http://www.linkedin.com/company/nava-benefits
748,
1033,http://www.linkedin.com/company/the-social-institute
1219,http://www.linkedin.com/company/pq-pharma
1437,http://www.linkedin.com/school/northcoders
613,http://www.linkedin.com/company/hellobackpack
1274,http://www.linkedin.com/company/blueprinthealth
1560,http://www.linkedin.com/company/faith-in-practice
2445,http://www.linkedin.com/school/roseville-college
2462,http://www.linkedin.com/school/illinois-wesleyan-university
2797,
2866,http://www.linkedin.com/company/royster-commercial-real-estate
2870,http://www.linkedin.com/school/yorkville-university
2879,http://www.linkedin.com/school/banff-centre
3086,http://www.linkedin.com/school/lake-ridge-academy
3116,http://www.linkedin.com/school/jones-graduate-school-of-business-rice-university
3192,http://www.linkedin.com/company/multi-service-center
3447,http://www.linkedin.com/company/nike-jordan
3442,http://www.linkedin.com/school/south-piedmont-community-college
2737,http://www.linkedin.com/company/clearscore
3514,http://www.linkedin.com/company/noodlechat
3745,http://www.linkedin.com/school/university-of-washington-school-of-public-health
3563,http://www.linkedin.com/company/lovehoneygroup
4352,http://www.linkedin.com/school/the-harker-school
3798,http://www.linkedin.com/company/agilitechgroup
4055,http://www.linkedin.com/company/virginia-energy-efficiency-council
4488,http://www.linkedin.com/company/traverse-project
4105,http://www.linkedin.com/company/pancreatic-cancer-action-network
4636,
4613,http://www.linkedin.com/school/visible-music-college
4590,http://www.linkedin.com/school/our-lady-of-mercy-high-school
4171,http://www.linkedin.com/company/avail-labs
4697,http://www.linkedin.com/company/flyerconnect
4199,http://www.linkedin.com/company/tbarm
4744,http://www.linkedin.com/school/templecph
4803,http://www.linkedin.com/company/seaside-hallandale-beach-senior-living
4863,http://www.linkedin.com/company/businessonline
4816,http://www.linkedin.com/school/st-dunstans-college
4907,http://www.linkedin.com/company/trendyminds
4892,http://www.linkedin.com/school/wsuapplebaum
4399,http://www.linkedin.com/company/monica-vinader-ltd
4716,http://www.linkedin.com/school/episcopal-school-of-dallas
5118,
5145,http://www.linkedin.com/company/golfgolf
5202,http://www.linkedin.com/school/bishop-tyrrell-anglican-college
5252,http://www.linkedin.com/school/mount-vernon-nazarene-university
4921,http://www.linkedin.com/company/brewerssupplygroupinc.
4822,http://www.linkedin.com/company/hutker-architects
5456,http://www.linkedin.com/school/loreto-normanhurst
5472,http://www.linkedin.com/company/qlmortgageservices
5381,http://www.linkedin.com/company/parts-town
5519,http://www.linkedin.com/company/mnufc
5466,http://www.linkedin.com/company/mjmkgroup
5205,http://www.linkedin.com/company/durham-cricket
5185,http://www.linkedin.com/company/base-culture
5694,http://www.linkedin.com/company/myspire
5908,
5383,http://www.linkedin.com/company/nelsons
5943,http://www.linkedin.com/company/kindred-motorworks
6002,http://www.linkedin.com/company/the-morton-arboretum
5850,http://www.linkedin.com/company/disruptive-advertising
6005,http://www.linkedin.com/company/touchpoint-live-media
5422,http://www.linkedin.com/company/wa-kaolin-limited
5420,http://www.linkedin.com/company/icr
6020,http://www.linkedin.com/school/skagit-valley-college
6067,http://www.linkedin.com/company/down-syndrome-association-of-central-texas-dsact-
5558,http://www.linkedin.com/company/theajp
5556,http://www.linkedin.com/company/c%c3%b4te-brasserie
6291,
6313,http://www.linkedin.com/company/vietnamese-students-association-monash
6251,http://www.linkedin.com/company/palm-bay-international
5707,http://www.linkedin.com/company/rhythmenergy
6355,http://www.linkedin.com/school/mary-baldwin-university
6466,
6456,http://www.linkedin.com/company/oc-c-strategy-consultants-warsaw
5879,http://www.linkedin.com/company/worldvisionusa
6028,http://www.linkedin.com/company/qfm-group
6225,http://www.linkedin.com/company/nova-fibra
6255,http://www.linkedin.com/company/big-horn-coop
6269,http://www.linkedin.com/company/clearspeed-corp
